membership_id,entry,entry_date_1,entry_date_2,uncertain,misc_codes,guild_id,maker_id,entry_date_1_certainty,entry_date_2_certainty
1,"",,,,"",49,3,"",""
2,"",,,,"",49,5,"",""
3,"",,,,"",29,10,"",""
4,"",,,,"",49,12,"",""
5,"",,,,"",9,17,"",""
6,"",,,,"",29,17,"",""
7,"",,,,"",9,20,"",""
8,"",,,,"",35,20,"",""
9,"",,,,"",49,21,"",""
10,"",,,,"",35,23,"",""
11,"",,,,"",39,24,"",""
12,"",,,,"",49,29,"",""
13,"",,,,"",49,30,"",""
14,"",,,,"",49,36,"",""
15,"",,,,"",50,37,"",""
16,"",,,,"",9,39,"",""
17,"",,,,"",9,45,"",""
18,"",,,,"",35,45,"",""
19,"",,,,"",49,47,"",""
20,"",,,,"",35,49,"",""
21,"",,,,"",49,50,"",""
22,"",,,,"",50,56,"",""
23,"",,,,"",50,63,"",""
24,"",,,,"",29,71,"",""
25,"",,,,"",50,74,"",""
26,"",,,,"",40,76,"",""
27,"",,,,"",29,87,"",""
28,"",,,,"",50,91,"",""
29,"",,,,"",50,94,"",""
30,"",,,,"",35,97,"",""
31,"",,,,"",29,99,"",""
32,"",,,,"",9,106,"",""
33,"",,,,"",29,106,"",""
34,"",,,,"",9,108,"",""
35,"",,,,"",35,110,"",""
36,"",,,,"",50,111,"",""
37,"",,,,"",9,115,"",""
38,"",,,,"",35,115,"",""
39,"",,,,"",9,116,"",""
40,"",,,,"",35,124,"",""
41,"",,,,"",29,126,"",""
42,"",,,,"",50,127,"",""
43,"",,,,"",57,127,"",""
44,"",,,,"",57,129,"",""
45,"",,,,"",9,135,"",""
46,"",,,,"",9,140,"",""
47,"",,,,"",40,140,"",""
48,"",,,,"",49,142,"",""
49,"",,,,"",9,144,"",""
50,"",,,,"",9,145,"",""
51,"",,,,"",9,146,"",""
52,"",,,,"",50,146,"",""
53,"",,,,"",49,147,"",""
54,"",,,,"",55,147,"",""
55,"",,,,"",49,151,"",""
56,"",,,,"",44,155,"",""
57,"",,,,"",9,156,"",""
58,"",,,,"",9,157,"",""
59,"",,,,"",9,158,"",""
60,"",,,,"",9,159,"",""
61,"",,,,"",29,159,"",""
62,"",,,,"",57,160,"",""
63,"",,,,"",9,162,"",""
64,"",,,,"",40,165,"",""
65,"",,,,"",40,166,"",""
66,"",,,,"",55,167,"",""
67,"",,,,"",29,168,"",""
68,"",,,,"",7,170,"",""
69,"",,,,"",9,170,"",""
70,"",,,,"",9,171,"",""
71,"",,,,"",7,172,"",""
72,"",,,,"",49,172,"",""
73,"",,,,"",9,173,"",""
74,"",,,,"",29,173,"",""
75,"",,,,"",40,174,"",""
76,"",,,,"",9,175,"",""
77,"",,,,"",57,175,"",""
78,"",,,,"",9,176,"",""
79,"",,,,"",50,176,"",""
80,"",,,,"",9,178,"",""
81,"",,,,"",58,178,"",""
82,"",,,,"",7,180,"",""
83,"",,,,"",29,182,"",""
84,"",,,,"",29,184,"",""
85,"",,,,"",49,184,"",""
86,"",,,,"",29,186,"",""
87,"",,,,"",9,187,"",""
88,"",,,,"",28,187,"",""
89,"",,,,"",9,189,"",""
90,"",,,,"",50,189,"",""
91,"",,,,"",9,191,"",""
92,"",,,,"",35,191,"",""
93,"",,,,"",9,192,"",""
94,"",,,,"",57,193,"",""
95,"",,,,"",49,194,"",""
96,"",,,,"",49,195,"",""
97,"",,,,"",9,197,"",""
98,"",,,,"",50,197,"",""
99,"",,,,"",9,198,"",""
100,"",,,,"",49,200,"",""
101,"",,,,"",9,204,"",""
102,"",,,,"",7,205,"",""
103,"",,,,"",9,206,"",""
104,"",,,,"",9,207,"",""
105,"",,,,"",35,210,"",""
106,"",,,,"",9,214,"",""
107,"",,,,"",9,216,"",""
108,"",,,,"",40,218,"",""
109,"",,,,"",9,220,"",""
110,"",,,,"",29,222,"",""
111,"",,,,"",50,223,"",""
112,"",,,,"",9,227,"",""
113,"",,,,"",18,228,"",""
114,"",,,,"",55,232,"",""
115,"",,,,"",50,234,"",""
116,"",,,,"",49,235,"",""
117,"",,,,"",29,236,"",""
118,"",,,,"",17,237,"",""
119,"",,,,"",28,239,"",""
120,"",,,,"",28,241,"",""
121,"",,,,"",49,244,"",""
122,"",,,,"",49,252,"",""
123,"",,,,"",49,253,"",""
124,"",,,,"",56,254,"",""
125,"",,,,"",9,262,"",""
126,"",,,,"",9,270,"",""
127,"",,,,"",29,271,"",""
128,"",,,,"",49,272,"",""
129,"",,,,"",49,273,"",""
130,"",,,,"",55,273,"",""
131,"",,,,"",35,276,"",""
132,"",,,,"",9,277,"",""
133,"",,,,"",9,278,"",""
134,"",,,,"",9,279,"",""
135,"",,,,"",49,280,"",""
136,"",,,,"",49,282,"",""
137,"",,,,"",9,283,"",""
138,"",,,,"",40,284,"",""
139,"",,,,"",7,286,"",""
140,"",,,,"",29,287,"",""
141,"",,,,"",17,289,"",""
142,"",,,,"",49,290,"",""
143,"",,,,"",39,294,"",""
144,"",,,,"",50,295,"",""
145,"",,,,"",9,300,"",""
146,"",,,,"",35,300,"",""
147,"",,,,"",9,302,"",""
148,"",,,,"",9,305,"",""
149,"",,,,"",29,307,"",""
150,"",,,,"",9,309,"",""
151,"",,,,"",44,311,"",""
152,"",,,,"",49,314,"",""
153,"",,,,"",29,315,"",""
154,"",,,,"",28,316,"",""
155,"",,,,"",9,318,"",""
156,"",,,,"",35,319,"",""
157,"",,,,"",3,324,"",""
158,"",,,,"",50,325,"",""
159,"",,,,"",35,327,"",""
160,"",,,,"",9,329,"",""
161,"",,,,"",35,331,"",""
162,"",,,,"",49,332,"",""
163,"",,,,"",49,334,"",""
164,"",,,,"",49,335,"",""
165,"",,,,"",35,337,"",""
166,"",,,,"",9,341,"",""
167,"",,,,"",40,342,"",""
168,"",,,,"",35,343,"",""
169,"",,,,"",49,344,"",""
170,"",,,,"",35,345,"",""
171,"",,,,"",49,346,"",""
172,"",,,,"",49,349,"",""
173,"",,,,"",50,353,"",""
174,"",,,,"",39,354,"",""
175,"",,,,"",49,358,"",""
176,"",,,,"",35,359,"",""
177,"",,,,"",40,360,"",""
178,"",,,,"",35,371,"",""
179,"",,,,"",29,377,"",""
180,"",,,,"",49,380,"",""
181,"",,,,"",50,385,"",""
182,"",,,,"",57,386,"",""
183,"",,,,"",20,387,"",""
184,"",,,,"",9,388,"",""
185,"",,,,"",49,389,"",""
186,"",,,,"",55,394,"",""
187,"",,,,"",15,397,"",""
188,"",,,,"",9,398,"",""
189,"",,,,"",7,402,"",""
190,"",,,,"",29,408,"",""
191,"",,,,"",49,411,"",""
192,"",,,,"",29,412,"",""
193,"",,,,"",29,416,"",""
194,"",,,,"",29,419,"",""
195,"",,,,"",29,420,"",""
196,"",,,,"",29,421,"",""
197,"",,,,"",22,422,"",""
198,"",,,,"",29,422,"",""
199,"",,,,"",50,423,"",""
200,"",,,,"",40,427,"",""
201,"",,,,"",50,428,"",""
202,"",,,,"",28,432,"",""
203,"",,,,"",29,434,"",""
204,"",,,,"",50,435,"",""
205,"",,,,"",29,436,"",""
206,"",,,,"",49,438,"",""
207,"",,,,"",21,444,"",""
208,"",,,,"",35,448,"",""
209,"",,,,"",50,467,"",""
210,"",,,,"",34,469,"",""
211,"",,,,"",49,471,"",""
212,"",,,,"",29,475,"",""
213,"",,,,"",3,479,"",""
214,"",,,,"",9,479,"",""
215,"",,,,"",9,480,"",""
216,"",,,,"",50,481,"",""
217,"",,,,"",35,482,"",""
218,"",,,,"",49,490,"",""
219,"",,,,"",50,490,"",""
220,"",,,,"",42,491,"",""
221,"",,,,"",9,499,"",""
222,"",,,,"",42,499,"",""
223,"",,,,"",29,502,"",""
224,"",,,,"",49,503,"",""
225,"",,,,"",9,504,"",""
226,"",,,,"",49,507,"",""
227,"",,,,"",9,508,"",""
228,"",,,,"",29,511,"",""
229,"",,,,"",29,514,"",""
230,"",,,,"",9,516,"",""
231,"",,,,"",9,517,"",""
232,"",,,,"",28,520,"",""
233,"",,,,"",29,522,"",""
234,"",,,,"",49,541,"",""
235,"",,,,"",56,544,"",""
236,"",,,,"",40,545,"",""
237,"",,,,"",40,547,"",""
238,"",,,,"",49,548,"",""
239,"",,,,"",29,551,"",""
240,"",,,,"",9,553,"",""
241,"",,,,"",9,556,"",""
242,"",,,,"",9,557,"",""
243,"",,,,"",25,561,"",""
244,"",,,,"",25,562,"",""
245,"",,,,"",36,562,"",""
246,"",,,,"",49,566,"",""
247,"",,,,"",9,575,"",""
248,"",,,,"",29,581,"",""
249,"",,,,"",29,582,"",""
250,"",,,,"",29,583,"",""
251,"",,,,"",50,588,"",""
252,"",,,,"",50,589,"",""
253,"",,,,"",20,595,"",""
254,"",,,,"",29,596,"",""
255,"",,,,"",50,599,"",""
256,"",,,,"",29,600,"",""
257,"",,,,"",9,602,"",""
258,"",,,,"",50,603,"",""
259,"",,,,"",35,605,"",""
260,"",,,,"",49,606,"",""
261,"",,,,"",25,608,"",""
262,"",,,,"",49,610,"",""
263,"",,,,"",9,611,"",""
264,"",,,,"",49,671,"",""
265,"",,,,"",49,613,"",""
266,"",,,,"",49,615,"",""
267,"",,,,"",9,619,"",""
268,"",,,,"",42,621,"",""
269,"",,,,"",49,621,"",""
270,"",,,,"",29,622,"",""
271,"",,,,"",29,623,"",""
272,"",,,,"",29,630,"",""
273,"",,,,"",47,636,"",""
274,"",,,,"",47,637,"",""
275,"",,,,"",39,641,"",""
276,"",,,,"",50,645,"",""
277,"",,,,"",9,655,"",""
278,"",,,,"",11,658,"",""
279,"",,,,"",35,658,"",""
280,"",,,,"",49,661,"",""
281,"",,,,"",22,663,"",""
282,"",,,,"",49,663,"",""
283,"",,,,"",49,664,"",""
284,"",,,,"",9,666,"",""
285,"",,,,"",57,669,"",""
286,"",,,,"",28,672,"",""
287,"",,,,"",23,674,"",""
288,"",,,,"",49,674,"",""
289,"",,,,"",49,675,"",""
290,"",,,,"",49,677,"",""
291,"",,,,"",56,677,"",""
292,"",,,,"",19,678,"",""
293,"",,,,"",49,683,"",""
294,"",,,,"",9,684,"",""
295,"",,,,"",40,685,"",""
296,"",,,,"",9,689,"",""
297,"",,,,"",35,692,"",""
298,"",,,,"",49,696,"",""
299,"",,,,"",48,698,"",""
300,"",,,,"",28,702,"",""
301,"",,,,"",40,703,"",""
302,"",,,,"",17,704,"",""
303,"",,,,"",3,706,"",""
304,"",,,,"",29,707,"",""
305,"",,,,"",49,714,"",""
306,"",,,,"",49,719,"",""
307,"",,,,"",49,720,"",""
308,"",,,,"",49,722,"",""
309,"",,,,"",55,723,"",""
310,"",,,,"",8,724,"",""
311,"",,,,"",29,726,"",""
312,"",,,,"",29,727,"",""
313,"",,,,"",29,728,"",""
314,"",,,,"",35,731,"",""
315,"",,,,"",28,733,"",""
316,"",,,,"",50,734,"",""
317,"",,,,"",49,737,"",""
318,"",,,,"",49,738,"",""
319,"",,,,"",29,745,"",""
320,"",,,,"",50,749,"",""
321,"",,,,"",29,750,"",""
322,"",,,,"",35,752,"",""
323,"",,,,"",29,759,"",""
324,"",,,,"",28,760,"",""
325,"",,,,"",39,768,"",""
326,"",,,,"",49,768,"",""
327,"",,,,"",3,770,"",""
328,"",,,,"",49,771,"",""
329,"",,,,"",5,774,"",""
330,"",,,,"",49,774,"",""
331,"",,,,"",35,779,"",""
332,"",,,,"",50,783,"",""
333,"",,,,"",9,786,"",""
334,"",,,,"",29,791,"",""
335,"",,,,"",9,793,"",""
336,"",,,,"",29,795,"",""
337,"",,,,"",49,795,"",""
338,"",,,,"",49,797,"",""
339,"",,,,"",3,798,"",""
340,"",,,,"",28,800,"",""
341,"",,,,"",17,801,"",""
342,"",,,,"",9,802,"",""
343,"",,,,"",50,803,"",""
344,"",,,,"",40,811,"",""
345,"",,,,"",35,812,"",""
346,"",,,,"",38,814,"",""
347,"",,,,"",35,824,"",""
348,"",,,,"",9,826,"",""
349,"",,,,"",29,826,"",""
350,"",,,,"",47,828,"",""
351,"",,,,"",35,829,"",""
352,"",,,,"",55,829,"",""
353,"",,,,"",29,830,"",""
354,"",,,,"",49,832,"",""
355,"",,,,"",29,833,"",""
356,"",,,,"",29,834,"",""
357,"",,,,"",35,837,"",""
358,"",,,,"",50,839,"",""
359,"",,,,"",29,845,"",""
360,"",,,,"",28,847,"",""
361,"",,,,"",9,853,"",""
362,"",,,,"",9,854,"",""
363,"",,,,"",39,855,"",""
364,"",,,,"",29,857,"",""
365,"",,,,"",50,858,"",""
366,"",,,,"",28,859,"",""
367,"",,,,"",7,862,"",""
368,"",,,,"",9,868,"",""
369,"",,,,"",5,869,"",""
370,"",,,,"",49,869,"",""
371,"",,,,"",49,870,"",""
372,"",,,,"",49,871,"",""
373,"",,,,"",5,872,"",""
374,"",,,,"",49,872,"",""
375,"",,,,"",5,873,"",""
376,"",,,,"",49,873,"",""
377,"",,,,"",49,877,"",""
378,"",,,,"",49,880,"",""
379,"",,,,"",5,881,"",""
380,"",,,,"",49,881,"",""
381,"",,,,"",49,882,"",""
382,"",,,,"",49,883,"",""
383,"",,,,"",49,884,"",""
384,"",,,,"",49,886,"",""
385,"",,,,"",49,887,"",""
386,"",,,,"",49,888,"",""
387,"",,,,"",49,889,"",""
388,"",,,,"",49,890,"",""
389,"",,,,"",49,891,"",""
390,"",,,,"",9,892,"",""
391,"",,,,"",49,892,"",""
392,"",,,,"",9,904,"",""
393,"",,,,"",35,912,"",""
394,"",,,,"",56,916,"",""
395,"",,,,"",49,922,"",""
396,"",,,,"",1,923,"",""
397,"",,,,"",4,923,"",""
398,"",,,,"",49,927,"",""
399,"",,,,"",49,934,"",""
400,"",,,,"",9,940,"",""
401,"",,,,"",49,954,"",""
402,"",,,,"",32,965,"",""
403,"",,,,"",28,976,"",""
404,"",,,,"",9,977,"",""
405,"",,,,"",3,1000,"",""
406,"",,,,"",29,1006,"",""
407,"",,,,"",35,1021,"",""
408,"",,,,"",49,1027,"",""
409,"",,,,"",49,1030,"",""
410,"",,,,"",9,1034,"",""
411,"",,,,"",42,1036,"",""
412,"",,,,"",50,1037,"",""
413,"",,,,"",25,1040,"",""
414,"",,,,"",29,1042,"",""
415,"",,,,"",49,1045,"",""
416,"",,,,"",39,1052,"",""
417,"",,,,"",9,1068,"",""
418,"",,,,"",48,1068,"",""
419,"",,,,"",28,1072,"",""
420,"",,,,"",35,1073,"",""
421,"",,,,"",15,1076,"",""
422,"",,,,"",40,1077,"",""
423,"",,,,"",49,1082,"",""
424,"",,,,"",49,1084,"",""
425,"",,,,"",49,1085,"",""
426,"",,,,"",5,1086,"",""
427,"",,,,"",49,1086,"",""
428,"",,,,"",35,1089,"",""
429,"",,,,"",50,1091,"",""
430,"",,,,"",39,1094,"",""
431,"",,,,"",27,1096,"",""
432,"",,,,"",48,1096,"",""
433,"",,,,"",49,1102,"",""
434,"",,,,"",2,1109,"",""
435,"",,,,"",9,1111,"",""
436,"",,,,"",49,1120,"",""
437,"",,,,"",29,1125,"",""
438,"",,,,"",9,1127,"",""
439,"",,,,"",29,1140,"",""
440,"",,,,"",49,1188,"",""
441,"",,,,"",49,1197,"",""
442,"",,,,"",49,1198,"",""
443,"",,,,"",49,1199,"",""
444,"",,,,"",49,1200,"",""
445,"",,,,"",49,1201,"",""
446,"",,,,"",49,1202,"",""
447,"",,,,"",49,1208,"",""
448,"",,,,"",49,1209,"",""
449,"",,,,"",49,1210,"",""
450,"",,,,"",49,1211,"",""
451,"",,,,"",29,1216,"",""
452,"",,,,"",49,1216,"",""
453,"",,,,"",29,1217,"",""
454,"",,,,"",29,1218,"",""
455,"",,,,"",29,1219,"",""
456,"",,,,"",29,1220,"",""
457,"",,,,"",17,1221,"",""
458,"",,,,"",29,1221,"",""
459,"",,,,"",29,1222,"",""
460,"",,,,"",29,1223,"",""
461,"",,,,"",29,1224,"",""
462,"",,,,"",9,1225,"",""
463,"",,,,"",29,1226,"",""
464,"",,,,"",29,1227,"",""
465,"",,,,"",7,1228,"",""
466,"",,,,"",29,1229,"",""
467,"",,,,"",29,1230,"",""
468,"",,,,"",49,1231,"",""
469,"",,,,"",49,1232,"",""
470,"",,,,"",49,1233,"",""
471,"",,,,"",49,1234,"",""
472,"",,,,"",49,1235,"",""
473,"",,,,"",29,1236,"",""
474,"",,,,"",29,1237,"",""
475,"",,,,"",40,1240,"",""
476,"",,,,"",9,1254,"",""
477,"",,,,"",40,1255,"",""
478,"",,,,"",9,1265,"",""
479,"",,,,"",57,1265,"",""
480,"",,,,"",9,1266,"",""
481,"",,,,"",9,1267,"",""
482,"",,,,"",9,1268,"",""
483,"",,,,"",9,1269,"",""
484,"",,,,"",9,1271,"",""
485,"",,,,"",34,1272,"",""
486,"",,,,"",9,1273,"",""
487,"",,,,"",9,1274,"",""
488,"",,,,"",9,1277,"",""
489,"",,,,"",9,1278,"",""
490,"",,,,"",9,1282,"",""
491,"",,,,"",9,1283,"",""
492,"",,,,"",29,1286,"",""
493,"",,,,"",49,1291,"",""
494,"",,,,"",29,1292,"",""
495,"",,,,"",49,1292,"",""
496,"",,,,"",29,1293,"",""
497,"",,,,"",29,1295,"",""
498,"",,,,"",29,1296,"",""
499,"",,,,"",29,1297,"",""
500,"",,,,"",49,1297,"",""
501,"",,,,"",29,1299,"",""
502,"",,,,"",29,1300,"",""
503,"",,,,"",50,1301,"",""
504,"",,,,"",29,1302,"",""
505,"",,,,"",29,1303,"",""
506,"",,,,"",35,1304,"",""
507,"",,,,"",29,1305,"",""
508,"",,,,"",29,1306,"",""
509,"",,,,"",49,1307,"",""
510,"",,,,"",49,1308,"",""
511,"",,,,"",49,1309,"",""
512,"",,,,"",49,1310,"",""
513,"",,,,"",49,1311,"",""
514,"",,,,"",49,1313,"",""
515,"",,,,"",49,1315,"",""
516,"",,,,"",49,1316,"",""
517,"",,,,"",29,1317,"",""
518,"",,,,"",29,1319,"",""
519,"",,,,"",9,1320,"",""
520,"",,,,"",9,1322,"",""
521,"",,,,"",9,1323,"",""
522,"",,,,"",9,1324,"",""
523,"",,,,"",9,1325,"",""
524,"",,,,"",9,1326,"",""
525,"",,,,"",9,1330,"",""
526,"",,,,"",9,1333,"",""
527,"",,,,"",9,1335,"",""
528,"",,,,"",9,1339,"",""
529,"",,,,"",29,1340,"",""
530,"",,,,"",29,1341,"",""
531,"",,,,"",29,1342,"",""
532,"",,,,"",29,1343,"",""
533,"",,,,"",29,1344,"",""
534,"",,,,"",29,1345,"",""
535,"",,,,"",29,1347,"",""
536,"",,,,"",29,1348,"",""
537,"",,,,"",29,1351,"",""
538,"",,,,"",29,1352,"",""
539,"",,,,"",29,1353,"",""
540,"",,,,"",6,1354,"",""
541,"",,,,"",53,1354,"",""
542,"",,,,"",29,1355,"",""
543,"",,,,"",49,1356,"",""
544,"",,,,"",29,1357,"",""
545,"",,,,"",49,1370,"",""
546,"",,,,"",49,1371,"",""
547,"",,,,"",49,1372,"",""
548,"",,,,"",49,1373,"",""
549,"",,,,"",49,1374,"",""
550,"",,,,"",49,1375,"",""
551,"",,,,"",49,1377,"",""
552,"",,,,"",49,1378,"",""
553,"",,,,"",49,1379,"",""
554,"",,,,"",49,1380,"",""
555,"",,,,"",49,1381,"",""
556,"",,,,"",49,1382,"",""
557,"",,,,"",49,1384,"",""
558,"",,,,"",49,1390,"",""
559,"",,,,"",49,1391,"",""
560,"",,,,"",49,1392,"",""
561,"",,,,"",49,1397,"",""
562,"",,,,"",49,1399,"",""
563,"",,,,"",18,1416,"",""
564,"",,,,"",49,1432,"",""
565,"",,,,"",49,1443,"",""
566,"",,,,"",49,1448,"",""
567,"",,,,"",49,1449,"",""
568,"",,,,"",49,1450,"",""
569,"",,,,"",49,1451,"",""
570,"",,,,"",49,1452,"",""
571,"",,,,"",49,1459,"",""
572,"",,,,"",50,1487,"",""
573,"",,,,"",55,1525,"",""
574,"",,,,"",29,1544,"",""
575,"",,,,"",25,1548,"",""
576,"",,,,"",40,1572,"",""
577,"",,,,"",35,1576,"",""
578,"",,,,"",29,1597,"",""
579,"",,,,"",9,1676,"",""
580,"",,,,"",17,1604,"",""
581,"",,,,"",28,1606,"",""
582,"",,,,"",50,1608,"",""
583,"",,,,"",50,1613,"",""
584,"",,,,"",9,1626,"",""
585,"",,,,"",50,1627,"",""
586,"",,,,"",50,1679,"",""
587,"",,,,"",46,1682,"",""
588,"",,,,"",35,1700,"",""
589,"",,,,"",49,1702,"",""
590,"",,,,"",56,1716,"",""
591,"",,,,"",49,1722,"",""
592,"",,,,"",3,1727,"",""
593,"",,,,"",31,1728,"",""
594,"",,,,"",31,1730,"",""
595,"",,,,"",3,1738,"",""
596,"",,,,"",3,1739,"",""
597,"",,,,"",3,1740,"",""
598,"",,,,"",3,1749,"",""
599,"",,,,"",3,1751,"",""
600,"",,,,"",11,1755,"",""
601,"",,,,"",31,1755,"",""
602,"",,,,"",3,1760,"",""
603,"",,,,"",3,1761,"",""
604,"",,,,"",3,1762,"",""
605,"",,,,"",31,1765,"",""
606,"",,,,"",3,2472,"",""
607,"",,,,"",3,2473,"",""
608,"",,,,"",3,2474,"",""
609,"",,,,"",3,2475,"",""
610,"",,,,"",48,2477,"",""
611,"",,,,"",31,2480,"",""
612,"",,,,"",48,2481,"",""
613,"",,,,"",3,2482,"",""
614,"",,,,"",48,2482,"",""
615,"",,,,"",48,2484,"",""
616,"",,,,"",31,2487,"",""
617,"",,,,"",32,2490,"",""
618,"",,,,"",3,2494,"",""
619,"",,,,"",3,2496,"",""
620,"",,,,"",32,2499,"",""
621,"",,,,"",50,2501,"",""
622,"",,,,"",50,2502,"",""
623,"",,,,"",50,2503,"",""
624,"",,,,"",50,2504,"",""
625,"",,,,"",50,2505,"",""
626,"",,,,"",50,2507,"",""
627,"",,,,"",50,2509,"",""
628,"",,,,"",50,2510,"",""
629,"",,,,"",50,2511,"",""
630,"",,,,"",50,2512,"",""
631,"",,,,"",50,2513,"",""
632,"",,,,"",50,2514,"",""
633,"",,,,"",50,2515,"",""
634,"",,,,"",50,2516,"",""
635,"",,,,"",50,2517,"",""
636,"",,,,"",50,2518,"",""
637,"",,,,"",50,2519,"",""
638,"",,,,"",50,2520,"",""
639,"",,,,"",50,2521,"",""
640,"",,,,"",50,2522,"",""
641,"",,,,"",50,2523,"",""
642,"",,,,"",50,2524,"",""
643,"",,,,"",50,2525,"",""
644,"",,,,"",50,2526,"",""
645,"",,,,"",54,2527,"",""
646,"",,,,"",50,2528,"",""
647,"",,,,"",50,2529,"",""
648,"",,,,"",50,2530,"",""
649,"",,,,"",50,2531,"",""
650,"",,,,"",50,2532,"",""
651,"",,,,"",50,2533,"",""
652,"",,,,"",50,2534,"",""
653,"",,,,"",50,2535,"",""
654,"",,,,"",35,2536,"",""
655,"",,,,"",50,2537,"",""
656,"",,,,"",17,2541,"",""
657,"",,,,"",50,2542,"",""
658,"",,,,"",50,2543,"",""
659,"",,,,"",50,2544,"",""
660,"",,,,"",50,2545,"",""
661,"",,,,"",35,2546,"",""
662,"",,,,"",39,2547,"",""
663,"",,,,"",50,2548,"",""
664,"",,,,"",28,2549,"",""
665,"",,,,"",3,2556,"",""
666,"",,,,"",3,2557,"",""
667,"",,,,"",3,2558,"",""
668,"",,,,"",3,2559,"",""
669,"",,,,"",3,2561,"",""
670,"",,,,"",3,2565,"",""
671,"",,,,"",3,2568,"",""
672,"",,,,"",3,2569,"",""
673,"",,,,"",57,2569,"",""
674,"",,,,"",3,2572,"",""
675,"",,,,"",3,2573,"",""
676,"",,,,"",3,2578,"",""
677,"",,,,"",31,2578,"",""
678,"",,,,"",3,2590,"",""
679,"",,,,"",3,2592,"",""
680,"",,,,"",3,2595,"",""
681,"",,,,"",3,2596,"",""
682,"",,,,"",3,2597,"",""
683,"",,,,"",3,2599,"",""
684,"",,,,"",32,2600,"",""
685,"",,,,"",35,2609,"",""
686,"",,,,"",38,2610,"",""
687,"",,,,"",40,2619,"",""
688,"",,,,"",9,2623,"",""
689,"",,,,"",45,2623,"",""
690,"",,,,"",7,2625,"",""
691,"",,,,"",32,1772,"",""
692,"",,,,"",3,1774,"",""
693,"",,,,"",1,1775,"",""
694,"",,,,"",3,1775,"",""
695,"",,,,"",3,1776,"",""
696,"",,,,"",28,1778,"",""
697,"",,,,"",3,1785,"",""
698,"",,,,"",31,1798,"",""
699,"",,,,"",3,1799,"",""
700,"",,,,"",3,1800,"",""
701,"",,,,"",3,1801,"",""
702,"",,,,"",14,1805,"",""
703,"",,,,"",31,1805,"",""
704,"",,,,"",47,1812,"",""
705,"",,,,"",50,1812,"",""
706,"",,,,"",52,1815,"",""
707,"",,,,"",9,1821,"",""
708,"",,,,"",3,1824,"",""
709,"",,,,"",3,1825,"",""
710,"",,,,"",28,1826,"",""
711,"",,,,"",48,1839,"",""
712,"",,,,"",49,1847,"",""
713,"",,,,"",29,1852,"",""
714,"",,,,"",49,1852,"",""
715,"",,,,"",49,1853,"",""
716,"",,,,"",35,1857,"",""
717,"",,,,"",3,1860,"",""
718,"",,,,"",28,1862,"",""
719,"",,,,"",3,1864,"",""
720,"",,,,"",39,1867,"",""
721,"",,,,"",49,1871,"",""
722,"",,,,"",49,1872,"",""
723,"",,,,"",22,1873,"",""
724,"",,,,"",17,1875,"",""
725,"",,,,"",35,1879,"",""
726,"",,,,"",49,1881,"",""
727,"",,,,"",50,1883,"",""
728,"",,,,"",3,1887,"",""
729,"",,,,"",31,1902,"",""
730,"",,,,"",3,1903,"",""
731,"",,,,"",31,1903,"",""
732,"",,,,"",31,1904,"",""
733,"",,,,"",22,1907,"",""
734,"",,,,"",50,1908,"",""
735,"",,,,"",29,1922,"",""
736,"",,,,"",40,1923,"",""
737,"",,,,"",23,1926,"",""
738,"",,,,"",49,1927,"",""
739,"",,,,"",31,1931,"",""
740,"",,,,"",41,1934,"",""
741,"",,,,"",50,1942,"",""
742,"",,,,"",17,1945,"",""
743,"",,,,"",49,1961,"",""
744,"",,,,"",55,1962,"",""
745,"",,,,"",50,1971,"",""
746,"",,,,"",40,1975,"",""
747,"",,,,"",40,1978,"",""
748,"",,,,"",49,1980,"",""
749,"",,,,"",49,1981,"",""
750,"",,,,"",3,1983,"",""
751,"",,,,"",3,1984,"",""
752,"",,,,"",49,1995,"",""
753,"",,,,"",49,1997,"",""
754,"",,,,"",46,1998,"",""
755,"",,,,"",3,2003,"",""
756,"",,,,"",31,2003,"",""
757,"",,,,"",3,2004,"",""
758,"",,,,"",3,2005,"",""
759,"",,,,"",49,2008,"",""
760,"",,,,"",50,2009,"",""
761,"",,,,"",29,2018,"",""
762,"",,,,"",17,2019,"",""
763,"",,,,"",55,2025,"",""
764,"",,,,"",25,2030,"",""
765,"",,,,"",50,2034,"",""
766,"",,,,"",49,2056,"",""
767,"",,,,"",49,2062,"",""
768,"",,,,"",40,2070,"",""
769,"",,,,"",49,2076,"",""
770,"",,,,"",39,2077,"",""
771,"",,,,"",49,2080,"",""
772,"",,,,"",13,2085,"",""
773,"",,,,"",9,2092,"",""
774,"",,,,"",55,2100,"",""
775,"",,,,"",35,2101,"",""
776,"",,,,"",50,2104,"",""
777,"",,,,"",13,2111,"",""
778,"",,,,"",35,2112,"",""
779,"",,,,"",49,2113,"",""
780,"",,,,"",9,2115,"",""
781,"",,,,"",50,2118,"",""
782,"",,,,"",14,2121,"",""
783,"",,,,"",55,2122,"",""
784,"",,,,"",50,2127,"",""
785,"",,,,"",39,2137,"",""
786,"",,,,"",13,2148,"",""
787,"",,,,"",25,2154,"",""
788,"",,,,"",38,2168,"",""
789,"",,,,"",40,2170,"",""
790,"",,,,"",39,2173,"",""
791,"",,,,"",2,2174,"",""
792,"",,,,"",54,2177,"",""
793,"",,,,"",35,2190,"",""
794,"",,,,"",9,2201,"",""
795,"",,,,"",38,2204,"",""
796,"",,,,"",15,2213,"",""
797,"",,,,"",35,2216,"",""
798,"",,,,"",49,2220,"",""
799,"",,,,"",40,2226,"",""
800,"",,,,"",1,2237,"",""
801,"",,,,"",4,2237,"",""
802,"",,,,"",39,2239,"",""
803,"",,,,"",49,2241,"",""
804,"",,,,"",40,2248,"",""
805,"",,,,"",49,2249,"",""
806,"",,,,"",39,2253,"",""
807,"",,,,"",29,2258,"",""
808,"",,,,"",35,2259,"",""
809,"",,,,"",28,2266,"",""
810,"",,,,"",49,2269,"",""
811,"",,,,"",50,2272,"",""
812,"",,,,"",19,2273,"",""
813,"",,,,"",17,2280,"",""
814,"",,,,"",28,2281,"",""
815,"",,,,"",50,2298,"",""
816,"",,,,"",39,2312,"",""
817,"",,,,"",49,2312,"",""
818,"",,,,"",40,2321,"",""
819,"",,,,"",50,2324,"",""
820,"",,,,"",49,2326,"",""
821,"",,,,"",49,2335,"",""
822,"",,,,"",2,2345,"",""
823,"",,,,"",16,2345,"",""
824,"",,,,"",40,2354,"",""
825,"",,,,"",3,2359,"",""
826,"",,,,"",3,2360,"",""
827,"",,,,"",11,2363,"",""
828,"",,,,"",24,2364,"",""
829,"",,,,"",3,2367,"",""
830,"",,,,"",28,2368,"",""
831,"",,,,"",28,2370,"",""
832,"",,,,"",1,2372,"",""
833,"",,,,"",4,2372,"",""
834,"",,,,"",3,2374,"",""
835,"",,,,"",3,2377,"",""
836,"",,,,"",3,2378,"",""
837,"",,,,"",31,2379,"",""
838,"",,,,"",3,2382,"",""
839,"",,,,"",3,2384,"",""
840,"",,,,"",1,2386,"",""
841,"",,,,"",4,2386,"",""
842,"",,,,"",28,2388,"",""
843,"",,,,"",3,2389,"",""
844,"",,,,"",3,2390,"",""
845,"",,,,"",3,2394,"",""
846,"",,,,"",11,2394,"",""
847,"",,,,"",3,2395,"",""
848,"",,,,"",3,2396,"",""
849,"",,,,"",3,2400,"",""
850,"",,,,"",3,2401,"",""
851,"",,,,"",3,2402,"",""
852,"",,,,"",3,2405,"",""
853,"",,,,"",3,2411,"",""
854,"",,,,"",3,2412,"",""
855,"",,,,"",30,2415,"",""
856,"",,,,"",3,2417,"",""
857,"",,,,"",3,2418,"",""
858,"",,,,"",3,2419,"",""
859,"",,,,"",3,2423,"",""
860,"",,,,"",3,2426,"",""
861,"",,,,"",31,2429,"",""
862,"",,,,"",3,2430,"",""
863,"",,,,"",3,2431,"",""
864,"",,,,"",32,2435,"",""
865,"",,,,"",31,2439,"",""
866,"",,,,"",3,2441,"",""
867,"",,,,"",3,2442,"",""
868,"",,,,"",28,2450,"",""
869,"",,,,"",32,2451,"",""
870,"",,,,"",3,2457,"",""
871,"",,,,"",3,2460,"",""
872,"",,,,"",3,2462,"",""
873,"",,,,"",3,2463,"",""
874,"",,,,"",48,2464,"",""
875,"",,,,"",3,2467,"",""
876,"",,,,"",3,2468,"",""
877,"",,,,"",3,2469,"",""
878,"",,,,"",9,2681,"",""
879,"",,,,"",9,2685,"",""
880,"",,,,"",26,2686,"",""
881,"",,,,"",35,2687,"",""
882,"",,,,"",35,2688,"",""
883,"",,,,"",3,2689,"",""
884,"",,,,"",7,2694,"",""
885,"",,,,"",49,2695,"",""
886,"",,,,"",29,2696,"",""
887,"",,,,"",31,2700,"",""
888,"",,,,"",42,2713,"",""
889,"",,,,"",2,2719,"",""
890,"",,,,"",51,2719,"",""
891,"",,,,"",9,2721,"",""
892,"",,,,"",18,2722,"",""
893,"",,,,"",50,2722,"",""
894,"",,,,"",35,2725,"",""
895,"",,,,"",28,2726,"",""
896,"",,,,"",39,2728,"",""
897,"",,,,"",35,2729,"",""
898,"",,,,"",49,2733,"",""
899,"",,,,"",3,2734,"",""
900,"",,,,"",1,2735,"",""
901,"",,,,"",49,2736,"",""
902,"",,,,"",3,3445,"",""
903,"",,,,"",3,3447,"",""
904,"",,,,"",3,3448,"",""
905,"",,,,"",3,3449,"",""
906,"",,,,"",3,3450,"",""
907,"",,,,"",3,3451,"",""
908,"",,,,"",3,3452,"",""
909,"",,,,"",3,3453,"",""
910,"",,,,"",3,3454,"",""
911,"",,,,"",3,3455,"",""
912,"",,,,"",3,3456,"",""
913,"",,,,"",3,3457,"",""
914,"",,,,"",3,3458,"",""
915,"",,,,"",3,3460,"",""
916,"",,,,"",3,3461,"",""
917,"",,,,"",3,3462,"",""
918,"",,,,"",3,3463,"",""
919,"",,,,"",3,3464,"",""
920,"",,,,"",3,3465,"",""
921,"",,,,"",3,3466,"",""
922,"",,,,"",3,3467,"",""
923,"",,,,"",3,3468,"",""
924,"",,,,"",3,3469,"",""
925,"",,,,"",3,3470,"",""
926,"",,,,"",3,3471,"",""
927,"",,,,"",3,3472,"",""
928,"",,,,"",3,3473,"",""
929,"",,,,"",3,3474,"",""
930,"",,,,"",3,3475,"",""
931,"",,,,"",3,3477,"",""
932,"",,,,"",3,3478,"",""
933,"",,,,"",3,3479,"",""
934,"",,,,"",3,3480,"",""
935,"",,,,"",3,3481,"",""
936,"",,,,"",29,3487,"",""
937,"",,,,"",29,3488,"",""
938,"",,,,"",2,3489,"",""
939,"",,,,"",9,3499,"",""
940,"",,,,"",17,3501,"",""
941,"",,,,"",44,4417,"",""
942,"",,,,"",49,4417,"",""
943,"",,,,"",49,4423,"",""
944,"",,,,"",40,4431,"",""
945,"",,,,"",49,5361,"",""
946,"",,,,"",49,5362,"",""
947,"",,,,"",49,5363,"",""
948,"",,,,"",49,5364,"",""
949,"",,,,"",49,5365,"",""
950,"",,,,"",49,5366,"",""
951,"",,,,"",49,5367,"",""
952,"",,,,"",49,5368,"",""
953,"",,,,"",49,5369,"",""
954,"",,,,"",49,5370,"",""
955,"",,,,"",49,5371,"",""
956,"",,,,"",49,5372,"",""
957,"",,,,"",49,5374,"",""
958,"",,,,"",49,5375,"",""
959,"",,,,"",49,5376,"",""
960,"",,,,"",49,5377,"",""
961,"",,,,"",49,5378,"",""
962,"",,,,"",49,5379,"",""
963,"",,,,"",49,5380,"",""
964,"",,,,"",49,5381,"",""
965,"",,,,"",49,5383,"",""
966,"",,,,"",1,5384,"",""
967,"",,,,"",4,5384,"",""
968,"",,,,"",49,5385,"",""
969,"",,,,"",49,5386,"",""
970,"",,,,"",49,5387,"",""
971,"",,,,"",38,6362,"",""
972,"",,,,"",35,2737,"",""
973,"",,,,"",35,2738,"",""
974,"",,,,"",35,2739,"",""
975,"",,,,"",35,2740,"",""
976,"",,,,"",35,2741,"",""
977,"",,,,"",35,2742,"",""
978,"",,,,"",56,2743,"",""
979,"",,,,"",35,2746,"",""
980,"",,,,"",29,2767,"",""
981,"",,,,"",25,2769,"",""
982,"",,,,"",3,2772,"",""
983,"",,,,"",29,2776,"",""
984,"",,,,"",39,2778,"",""
985,"",,,,"",39,2780,"",""
986,"",,,,"",39,2781,"",""
987,"",,,,"",39,2782,"",""
988,"",,,,"",28,2783,"",""
989,"",,,,"",40,2784,"",""
990,"",,,,"",7,2785,"",""
991,"",,,,"",7,2786,"",""
992,"",,,,"",7,2787,"",""
993,"",,,,"",50,2789,"",""
994,"",,,,"",3,2794,"",""
995,"",,,,"",57,2795,"",""
996,"",,,,"",40,2796,"",""
997,"",,,,"",35,2797,"",""
998,"",,,,"",35,2798,"",""
999,"",,,,"",35,2799,"",""
1000,"",,,,"",35,2848,"",""
1001,"",,,,"",3,2850,"",""
1002,"",,,,"",9,2858,"",""
1003,"",,,,"",17,2859,"",""
1004,"",,,,"",3,2866,"",""
1005,"",,,,"",17,2866,"",""
1006,"",,,,"",40,2867,"",""
1007,"",,,,"",24,2869,"",""
1008,"",,,,"",49,2869,"",""
1009,"",,,,"",1,2874,"",""
1010,"",,,,"",4,2874,"",""
1011,"",,,,"",55,2913,"",""
1012,"",,,,"",55,2914,"",""
1013,"",,,,"",55,2915,"",""
1014,"",,,,"",55,2916,"",""
1015,"",,,,"",55,2917,"",""
1016,"",,,,"",55,2919,"",""
1017,"",,,,"",3,2920,"",""
1018,"",,,,"",3,2921,"",""
1019,"",,,,"",55,2923,"",""
1020,"",,,,"",55,2924,"",""
1021,"",,,,"",55,2925,"",""
1022,"",,,,"",3,2928,"",""
1023,"",,,,"",28,2951,"",""
1024,"",,,,"",28,2952,"",""
1025,"",,,,"",40,2962,"",""
1026,"",,,,"",3,2980,"",""
1027,"",,,,"",3,2983,"",""
1028,"",,,,"",49,2984,"",""
1029,"",,,,"",3,2985,"",""
1030,"",,,,"",3,2990,"",""
1031,"",,,,"",3,3000,"",""
1032,"",,,,"",20,3009,"",""
1033,"",,,,"",3,3010,"",""
1034,"",,,,"",49,3010,"",""
1035,"",,,,"",3,3011,"",""
1036,"",,,,"",31,3011,"",""
1037,"",,,,"",3,3020,"",""
1038,"",,,,"",50,3062,"",""
1039,"",,,,"",3,3096,"",""
1040,"",,,,"",34,3097,"",""
1041,"",,,,"",29,3100,"",""
1042,"",,,,"",29,3101,"",""
1043,"",,,,"",3,3110,"",""
1044,"",,,,"",3,3113,"",""
1045,"",,,,"",32,3181,"",""
1046,"",,,,"",29,3223,"",""
1047,"",,,,"",3,3225,"",""
1048,"",,,,"",3,3226,"",""
1049,"",,,,"",17,3227,"",""
1050,"",,,,"",29,3227,"",""
1051,"",,,,"",14,3251,"",""
1052,"",,,,"",9,3257,"",""
1053,"",,,,"",3,3274,"",""
1054,"",,,,"",9,3295,"",""
1055,"",,,,"",49,3302,"",""
1056,"",,,,"",3,3305,"",""
1057,"",,,,"",9,3328,"",""
1058,"",,,,"",3,3333,"",""
1059,"",,,,"",3,3334,"",""
1060,"",,,,"",50,3347,"",""
1061,"",,,,"",28,3348,"",""
1062,"",,,,"",50,3348,"",""
1063,"",,,,"",31,3371,"",""
1064,"",,,,"",35,3372,"",""
1065,"",,,,"",35,3373,"",""
1066,"",,,,"",35,3374,"",""
1067,"",,,,"",35,3375,"",""
1068,"",,,,"",35,3376,"",""
1069,"",,,,"",35,3377,"",""
1070,"",,,,"",35,3378,"",""
1071,"",,,,"",35,3379,"",""
1072,"",,,,"",35,3380,"",""
1073,"",,,,"",31,3385,"",""
1074,"",,,,"",50,3385,"",""
1075,"",,,,"",31,3386,"",""
1076,"",,,,"",5,3387,"",""
1077,"",,,,"",49,3387,"",""
1078,"",,,,"",5,3388,"",""
1079,"",,,,"",49,3388,"",""
1080,"",,,,"",5,3389,"",""
1081,"",,,,"",49,3389,"",""
1082,"",,,,"",49,3390,"",""
1083,"",,,,"",5,3391,"",""
1084,"",,,,"",49,3391,"",""
1085,"",,,,"",49,3392,"",""
1086,"",,,,"",5,3393,"",""
1087,"",,,,"",49,3393,"",""
1088,"",,,,"",5,3395,"",""
1089,"",,,,"",49,3395,"",""
1090,"",,,,"",29,3398,"",""
1091,"",,,,"",39,3402,"",""
1092,"",,,,"",31,3404,"",""
1093,"",,,,"",31,3417,"",""
1094,"",,,,"",31,3418,"",""
1095,"",,,,"",31,3419,"",""
1096,"",,,,"",31,3420,"",""
1097,"",,,,"",3,3421,"",""
1098,"",,,,"",31,3422,"",""
1099,"",,,,"",3,3423,"",""
1100,"",,,,"",3,3426,"",""
1101,"",,,,"",3,3427,"",""
1102,"",,,,"",3,3428,"",""
1103,"",,,,"",3,3429,"",""
1104,"",,,,"",17,3430,"",""
1105,"",,,,"",3,3432,"",""
1106,"",,,,"",3,3433,"",""
1107,"",,,,"",3,3434,"",""
1108,"",,,,"",3,3435,"",""
1109,"",,,,"",3,3436,"",""
1110,"",,,,"",3,3437,"",""
1111,"",,,,"",3,3438,"",""
1112,"",,,,"",3,3439,"",""
1113,"",,,,"",3,3440,"",""
1114,"",,,,"",3,3441,"",""
1115,"",,,,"",3,3442,"",""
1116,"",,,,"",3,3443,"",""
1117,"",,,,"",3,3444,"",""
1118,"",,,,"",40,3510,"",""
1119,"",,,,"",29,3517,"",""
1120,"",,,,"",25,3518,"",""
1121,"",,,,"",35,3524,"",""
1122,"",,,,"",29,3526,"",""
1123,"",,,,"",40,3531,"",""
1124,"",,,,"",32,3534,"",""
1125,"",,,,"",28,3536,"",""
1126,"",,,,"",55,3541,"",""
1127,"",,,,"",50,3545,"",""
1128,"",,,,"",29,3551,"",""
1129,"",,,,"",38,3556,"",""
1130,"",,,,"",17,3557,"",""
1131,"",,,,"",29,3562,"",""
1132,"",,,,"",40,3568,"",""
1133,"",,,,"",25,3574,"",""
1134,"",,,,"",49,3576,"",""
1135,"",,,,"",32,3595,"",""
1136,"",,,,"",32,3611,"",""
1137,"",,,,"",9,3744,"",""
1138,"",,,,"",49,3767,"",""
1139,"",,,,"",25,3787,"",""
1140,"",,,,"",32,3823,"",""
1141,"",,,,"",32,3824,"",""
1142,"",,,,"",49,3830,"",""
1143,"",,,,"",17,3852,"",""
1144,"",,,,"",32,3856,"",""
1145,"",,,,"",32,3868,"",""
1146,"",,,,"",32,3871,"",""
1147,"",,,,"",32,3873,"",""
1148,"",,,,"",32,3874,"",""
1149,"",,,,"",32,3876,"",""
1150,"",,,,"",32,3877,"",""
1151,"",,,,"",32,3880,"",""
1152,"",,,,"",32,3882,"",""
1153,"",,,,"",32,3895,"",""
1154,"",,,,"",32,3896,"",""
1155,"",,,,"",32,3901,"",""
1156,"",,,,"",32,3905,"",""
1157,"",,,,"",32,3909,"",""
1158,"",,,,"",32,3917,"",""
1159,"",,,,"",32,3923,"",""
1160,"",,,,"",32,3924,"",""
1161,"",,,,"",32,3927,"",""
1162,"",,,,"",32,3928,"",""
1163,"",,,,"",32,3930,"",""
1164,"",,,,"",32,3931,"",""
1165,"",,,,"",32,3937,"",""
1166,"",,,,"",32,3938,"",""
1167,"",,,,"",32,3939,"",""
1168,"",,,,"",32,3941,"",""
1169,"",,,,"",3,3942,"",""
1170,"",,,,"",3,3943,"",""
1171,"",,,,"",3,3944,"",""
1172,"",,,,"",3,3945,"",""
1173,"",,,,"",3,3946,"",""
1174,"",,,,"",3,3947,"",""
1175,"",,,,"",3,3948,"",""
1176,"",,,,"",36,3949,"",""
1177,"",,,,"",3,3950,"",""
1178,"",,,,"",3,3951,"",""
1179,"",,,,"",3,3952,"",""
1180,"",,,,"",3,3953,"",""
1181,"",,,,"",3,3954,"",""
1182,"",,,,"",3,3955,"",""
1183,"",,,,"",3,3956,"",""
1184,"",,,,"",3,3957,"",""
1185,"",,,,"",3,3958,"",""
1186,"",,,,"",3,3959,"",""
1187,"",,,,"",3,3960,"",""
1188,"",,,,"",3,3961,"",""
1189,"",,,,"",3,3962,"",""
1190,"",,,,"",3,3963,"",""
1191,"",,,,"",3,3965,"",""
1192,"",,,,"",52,3966,"",""
1193,"",,,,"",3,3967,"",""
1194,"",,,,"",3,3968,"",""
1195,"",,,,"",3,3969,"",""
1196,"",,,,"",3,3970,"",""
1197,"",,,,"",3,3972,"",""
1198,"",,,,"",3,3973,"",""
1199,"",,,,"",3,3974,"",""
1200,"",,,,"",3,3975,"",""
1201,"",,,,"",3,3977,"",""
1202,"",,,,"",3,3978,"",""
1203,"",,,,"",3,3979,"",""
1204,"",,,,"",3,3980,"",""
1205,"",,,,"",3,3981,"",""
1206,"",,,,"",3,3982,"",""
1207,"",,,,"",3,3983,"",""
1208,"",,,,"",3,3984,"",""
1209,"",,,,"",3,3985,"",""
1210,"",,,,"",3,3986,"",""
1211,"",,,,"",3,3987,"",""
1212,"",,,,"",3,3988,"",""
1213,"",,,,"",3,3989,"",""
1214,"",,,,"",3,3990,"",""
1215,"",,,,"",49,3991,"",""
1216,"",,,,"",3,3992,"",""
1217,"",,,,"",3,3993,"",""
1218,"",,,,"",3,3994,"",""
1219,"",,,,"",3,3995,"",""
1220,"",,,,"",3,3996,"",""
1221,"",,,,"",3,3997,"",""
1222,"",,,,"",3,3998,"",""
1223,"",,,,"",3,3999,"",""
1224,"",,,,"",3,4000,"",""
1225,"",,,,"",3,4001,"",""
1226,"",,,,"",3,4002,"",""
1227,"",,,,"",3,4003,"",""
1228,"",,,,"",3,4004,"",""
1229,"",,,,"",3,4005,"",""
1230,"",,,,"",3,4006,"",""
1231,"",,,,"",3,4007,"",""
1232,"",,,,"",49,4010,"",""
1233,"",,,,"",3,4011,"",""
1234,"",,,,"",49,4026,"",""
1235,"",,,,"",28,4028,"",""
1236,"",,,,"",9,4029,"",""
1237,"",,,,"",9,4033,"",""
1238,"",,,,"",9,4034,"",""
1239,"",,,,"",49,4035,"",""
1240,"",,,,"",9,4039,"",""
1241,"",,,,"",40,4041,"",""
1242,"",,,,"",40,4042,"",""
1243,"",,,,"",40,4043,"",""
1244,"",,,,"",40,4044,"",""
1245,"",,,,"",40,4046,"",""
1246,"",,,,"",50,4047,"",""
1247,"",,,,"",40,4048,"",""
1248,"",,,,"",49,4051,"",""
1249,"",,,,"",49,4052,"",""
1250,"",,,,"",3,4054,"",""
1251,"",,,,"",49,4055,"",""
1252,"",,,,"",40,4057,"",""
1253,"",,,,"",40,4058,"",""
1254,"",,,,"",40,4059,"",""
1255,"",,,,"",40,4060,"",""
1256,"",,,,"",40,4061,"",""
1257,"",,,,"",40,4062,"",""
1258,"",,,,"",40,4074,"",""
1259,"",,,,"",40,4075,"",""
1260,"",,,,"",40,4077,"",""
1261,"",,,,"",29,4102,"",""
1262,"",,,,"",9,4114,"",""
1263,"",,,,"",39,4164,"",""
1264,"",,,,"",49,4164,"",""
1265,"",,,,"",17,4175,"",""
1266,"",,,,"",49,4243,"",""
1267,"",,,,"",49,4252,"",""
1268,"",,,,"",39,4256,"",""
1269,"",,,,"",28,4291,"",""
1270,"",,,,"",28,4292,"",""
1271,"",,,,"",28,4293,"",""
1272,"",,,,"",28,4294,"",""
1273,"",,,,"",28,4295,"",""
1274,"",,,,"",28,4296,"",""
1275,"",,,,"",28,4297,"",""
1276,"",,,,"",50,4299,"",""
1277,"",,,,"",28,4300,"",""
1278,"",,,,"",28,4301,"",""
1279,"",,,,"",3,4302,"",""
1280,"",,,,"",39,4318,"",""
1281,"",,,,"",9,4354,"",""
1282,"",,,,"",9,4389,"",""
1283,"",,,,"",25,4392,"",""
1284,"",,,,"",50,4393,"",""
1285,"",,,,"",28,4405,"",""
1286,"",,,,"",28,4408,"",""
1287,"",,,,"",28,4409,"",""
1288,"",,,,"",28,4410,"",""
1289,"",,,,"",49,4411,"",""
1290,"",,,,"",55,4411,"",""
1291,"",,,,"",49,4412,"",""
1292,"",,,,"",49,4414,"",""
1293,"",,,,"",49,4455,"",""
1294,"",,,,"",17,4461,"",""
1295,"",,,,"",11,4462,"",""
1296,"",,,,"",50,4462,"",""
1297,"",,,,"",3,4463,"",""
1298,"",,,,"",18,4463,"",""
1299,"",,,,"",22,4472,"",""
1300,"",,,,"",42,4473,"",""
1301,"",,,,"",27,4475,"",""
1302,"",,,,"",55,4478,"",""
1303,"",,,,"",49,4479,"",""
1304,"",,,,"",33,4481,"",""
1305,"",,,,"",33,4482,"",""
1306,"",,,,"",34,4484,"",""
1307,"",,,,"",48,4487,"",""
1308,"",,,,"",37,4488,"",""
1309,"",,,,"",38,4489,"",""
1310,"",,,,"",42,4490,"",""
1311,"",,,,"",42,4491,"",""
1312,"",,,,"",45,4494,"",""
1313,"",,,,"",3,4498,"",""
1314,"",,,,"",49,4500,"",""
1315,"",,,,"",46,4501,"",""
1316,"",,,,"",49,4501,"",""
1317,"",,,,"",47,4503,"",""
1318,"",,,,"",52,4505,"",""
1319,"",,,,"",52,4506,"",""
1320,"",,,,"",52,4507,"",""
1321,"",,,,"",56,4508,"",""
1322,"",,,,"",3,4509,"",""
1323,"",,,,"",56,4510,"",""
1324,"",,,,"",56,4511,"",""
1325,"",,,,"",56,4512,"",""
1326,"",,,,"",56,4513,"",""
1327,"",,,,"",29,4514,"",""
1328,"",,,,"",9,4533,"",""
1329,"",,,,"",37,4562,"",""
1330,"",,,,"",48,4570,"",""
1331,"",,,,"",37,4575,"",""
1332,"",,,,"",49,4595,"",""
1333,"",,,,"",49,4600,"",""
1334,"",,,,"",9,4604,"",""
1335,"",,,,"",48,4633,"",""
1336,"",,,,"",29,4642,"",""
1337,"",,,,"",35,4649,"",""
1338,"",,,,"",49,4664,"",""
1339,"",,,,"",49,4686,"",""
1340,"",,,,"",40,4690,"",""
1341,"",,,,"",40,4704,"",""
1342,"",,,,"",35,4718,"",""
1343,"",,,,"",40,4723,"",""
1344,"",,,,"",40,4741,"",""
1345,"",,,,"",50,4759,"",""
1346,"",,,,"",35,4761,"",""
1347,"",,,,"",49,4772,"",""
1348,"",,,,"",50,4772,"",""
1349,"",,,,"",49,4780,"",""
1350,"",,,,"",55,4821,"",""
1351,"",,,,"",55,4838,"",""
1352,"",,,,"",29,4844,"",""
1353,"",,,,"",31,4844,"",""
1354,"",,,,"",9,4847,"",""
1355,"",,,,"",9,4849,"",""
1356,"",,,,"",55,4859,"",""
1357,"",,,,"",49,4869,"",""
1358,"",,,,"",49,4873,"",""
1359,"",,,,"",29,4874,"",""
1360,"",,,,"",25,4889,"",""
1361,"",,,,"",14,4890,"",""
1362,"",,,,"",39,4900,"",""
1363,"",,,,"",49,4900,"",""
1364,"",,,,"",29,4901,"",""
1365,"",,,,"",39,4902,"",""
1366,"",,,,"",38,4917,"",""
1367,"",,,,"",13,4918,"",""
1368,"",,,,"",9,4950,"",""
1369,"",,,,"",49,4959,"",""
1370,"",,,,"",35,4966,"",""
1371,"",,,,"",9,4968,"",""
1372,"",,,,"",9,4969,"",""
1373,"",,,,"",9,4975,"",""
1374,"",,,,"",9,4995,"",""
1375,"",,,,"",49,5030,"",""
1376,"",,,,"",17,5032,"",""
1377,"",,,,"",5,5038,"",""
1378,"",,,,"",49,5038,"",""
1379,"",,,,"",49,5039,"",""
1380,"",,,,"",39,5070,"",""
1381,"",,,,"",31,5076,"",""
1382,"",,,,"",19,5100,"",""
1383,"",,,,"",49,5108,"",""
1384,"",,,,"",39,5111,"",""
1385,"",,,,"",9,5118,"",""
1386,"",,,,"",9,5121,"",""
1387,"",,,,"",9,5130,"",""
1388,"",,,,"",29,5131,"",""
1389,"",,,,"",33,5134,"",""
1390,"",,,,"",40,5152,"",""
1391,"",,,,"",49,5156,"",""
1392,"",,,,"",31,5203,"",""
1393,"",,,,"",9,5207,"",""
1394,"",,,,"",28,5209,"",""
1395,"",,,,"",9,5236,"",""
1396,"",,,,"",35,5243,"",""
1397,"",,,,"",35,5245,"",""
1398,"",,,,"",9,5262,"",""
1399,"",,,,"",9,5265,"",""
1400,"",,,,"",9,5288,"",""
1401,"",,,,"",50,5292,"",""
1402,"",,,,"",17,5298,"",""
1403,"",,,,"",17,5299,"",""
1404,"",,,,"",48,5300,"",""
1405,"",,,,"",48,5301,"",""
1406,"",,,,"",48,5302,"",""
1407,"",,,,"",48,5304,"",""
1408,"",,,,"",48,5305,"",""
1409,"",,,,"",9,5318,"",""
1410,"",,,,"",3,5320,"",""
1411,"",,,,"",39,5330,"",""
1412,"",,,,"",49,5357,"",""
1413,"",,,,"",49,5359,"",""
1414,"",,,,"",49,5360,"",""
1415,"",,,,"",49,5389,"",""
1416,"",,,,"",49,5390,"",""
1417,"",,,,"",49,5391,"",""
1418,"",,,,"",49,5393,"",""
1419,"",,,,"",49,5395,"",""
1420,"",,,,"",49,5396,"",""
1421,"",,,,"",49,5397,"",""
1422,"",,,,"",5,5398,"",""
1423,"",,,,"",49,5398,"",""
1424,"",,,,"",5,5399,"",""
1425,"",,,,"",49,5399,"",""
1426,"",,,,"",5,5400,"",""
1427,"",,,,"",49,5400,"",""
1428,"",,,,"",5,5401,"",""
1429,"",,,,"",49,5401,"",""
1430,"",,,,"",5,5402,"",""
1431,"",,,,"",49,5402,"",""
1432,"",,,,"",49,5403,"",""
1433,"",,,,"",49,5404,"",""
1434,"",,,,"",49,5405,"",""
1435,"",,,,"",49,5406,"",""
1436,"",,,,"",49,5407,"",""
1437,"",,,,"",49,5409,"",""
1438,"",,,,"",49,5410,"",""
1439,"",,,,"",49,5411,"",""
1440,"",,,,"",18,5414,"",""
1441,"",,,,"",1,5415,"",""
1442,"",,,,"",24,5415,"",""
1443,"",,,,"",24,5416,"",""
1444,"",,,,"",24,5417,"",""
1445,"",,,,"",42,5423,"",""
1446,"",,,,"",42,5424,"",""
1447,"",,,,"",14,5426,"",""
1448,"",,,,"",43,5427,"",""
1449,"",,,,"",35,5434,"",""
1450,"",,,,"",9,5442,"",""
1451,"",,,,"",29,5476,"",""
1452,"",,,,"",5,5481,"",""
1453,"",,,,"",5,5482,"",""
1454,"",,,,"",5,5483,"",""
1455,"",,,,"",5,5485,"",""
1456,"",,,,"",49,5485,"",""
1457,"",,,,"",11,5486,"",""
1458,"",,,,"",11,5488,"",""
1459,"",,,,"",11,5492,"",""
1460,"",,,,"",11,5493,"",""
1461,"",,,,"",11,5494,"",""
1462,"",,,,"",11,5495,"",""
1463,"",,,,"",11,5497,"",""
1464,"",,,,"",11,5499,"",""
1465,"",,,,"",11,5500,"",""
1466,"",,,,"",11,5503,"",""
1467,"",,,,"",17,5504,"",""
1468,"",,,,"",17,5505,"",""
1469,"",,,,"",17,5506,"",""
1470,"",,,,"",17,5507,"",""
1471,"",,,,"",17,5508,"",""
1472,"",,,,"",17,5509,"",""
1473,"",,,,"",49,5510,"",""
1474,"",,,,"",17,5511,"",""
1475,"",,,,"",17,5513,"",""
1476,"",,,,"",17,5516,"",""
1477,"",,,,"",17,5517,"",""
1478,"",,,,"",17,5518,"",""
1479,"",,,,"",17,5520,"",""
1480,"",,,,"",29,5524,"",""
1481,"",,,,"",29,5525,"",""
1482,"",,,,"",29,5526,"",""
1483,"",,,,"",29,5528,"",""
1484,"",,,,"",29,5530,"",""
1485,"",,,,"",29,5531,"",""
1486,"",,,,"",29,5532,"",""
1487,"",,,,"",29,5533,"",""
1488,"",,,,"",49,5535,"",""
1489,"",,,,"",49,5537,"",""
1490,"",,,,"",49,5538,"",""
1491,"",,,,"",49,5542,"",""
1492,"",,,,"",9,5543,"",""
1493,"",,,,"",9,5545,"",""
1494,"",,,,"",49,5546,"",""
1495,"",,,,"",49,5547,"",""
1496,"",,,,"",49,5548,"",""
1497,"",,,,"",49,5549,"",""
1498,"",,,,"",49,5550,"",""
1499,"",,,,"",49,5551,"",""
1500,"",,,,"",49,5552,"",""
1501,"",,,,"",49,5555,"",""
1502,"",,,,"",9,5556,"",""
1503,"",,,,"",49,5558,"",""
1504,"",,,,"",49,5559,"",""
1505,"",,,,"",49,5560,"",""
1506,"",,,,"",9,5562,"",""
1507,"",,,,"",11,5563,"",""
1508,"",,,,"",38,5578,"",""
1509,"",,,,"",49,5580,"",""
1510,"",,,,"",49,5584,"",""
1511,"",,,,"",58,5584,"",""
1512,"",,,,"",49,5585,"",""
1513,"",,,,"",49,5586,"",""
1514,"",,,,"",49,5587,"",""
1515,"",,,,"",49,5588,"",""
1516,"",,,,"",49,5589,"",""
1517,"",,,,"",49,5590,"",""
1518,"",,,,"",49,5591,"",""
1519,"",,,,"",49,5593,"",""
1520,"",,,,"",49,5594,"",""
1521,"",,,,"",49,5595,"",""
1522,"",,,,"",49,5596,"",""
1523,"",,,,"",49,5597,"",""
1524,"",,,,"",49,5598,"",""
1525,"",,,,"",49,5599,"",""
1526,"",,,,"",49,5602,"",""
1527,"",,,,"",49,5604,"",""
1528,"",,,,"",2,5606,"",""
1529,"",,,,"",28,5610,"",""
1530,"",,,,"",55,5632,"",""
1531,"",,,,"",55,5633,"",""
1532,"",,,,"",40,5641,"",""
1533,"",,,,"",29,5661,"",""
1534,"",,,,"",9,5714,"",""
1535,"",,,,"",9,5721,"",""
1536,"",,,,"",9,5730,"",""
1537,"",,,,"",9,5735,"",""
1538,"",,,,"",28,5744,"",""
1539,"",,,,"",28,5745,"",""
1540,"",,,,"",35,5750,"",""
1541,"",,,,"",40,5752,"",""
1542,"",,,,"",28,5754,"",""
1543,"",,,,"",9,5756,"",""
1544,"",,,,"",28,5769,"",""
1545,"",,,,"",39,5852,"",""
1546,"",,,,"",28,5857,"",""
1547,"",,,,"",9,5869,"",""
1548,"",,,,"",3,5873,"",""
1549,"",,,,"",29,5903,"",""
1550,"",,,,"",29,5904,"",""
1551,"",,,,"",29,5932,"",""
1552,"",,,,"",9,5952,"",""
1553,"",,,,"",49,5962,"",""
1554,"",,,,"",34,6000,"",""
1555,"",,,,"",49,6029,"",""
1556,"",,,,"",49,6221,"",""
1557,"",,,,"",50,6265,"",""
1558,"",,,,"",40,6452,"",""
1559,"",,,,"",49,6466,"",""
1560,"",,,,"",40,6489,"",""
1561,"",,,,"",49,6494,"",""
1562,"",,,,"",50,6495,"",""
1563,"",,,,"",49,6516,"",""
1564,"",,,,"",49,6530,"",""
1565,"",,,,"",50,6576,"",""
1566,"",,,,"",40,6577,"",""
1567,"",,,,"",40,6578,"",""
1568,"",,,,"",49,6634,"",""
1569,"",,,,"",49,6655,"",""
1570,"",,,,"",49,6722,"",""
1571,"",,,,"",49,6723,"",""
1572,"",,,,"",49,6822,"",""
1573,"",,,,"",49,6872,"",""
1574,"",,,,"",37,6901,"",""
1575,"",,,,"",49,6909,"",""
1576,"",,,,"",49,6910,"",""
1577,"",,,,"",35,6942,"",""
1578,"",,,,"",3,7046,"",""
1579,"",,,,"",3,7052,"",""
1580,"",,,,"",49,7075,"",""
1581,"",,,,"",3,7090,"",""
1582,"",,,,"",49,7110,"",""
1583,"",,,,"",50,7173,"",""
1584,"",,,,"",49,7215,"",""
1585,"",,,,"",49,7222,"",""
1586,"",,,,"",49,7258,"",""
1587,"",,,,"",3,7295,"",""
1588,"",,,,"",49,7312,"",""
1589,"",,,,"",9,7314,"",""
1590,"",,,,"",31,7348,"",""
1591,"",,,,"",3,7374,"",""
1592,"",,,,"",3,7375,"",""
1593,"",,,,"",32,7407,"",""
1594,"",,,,"",49,7424,"",""
1595,"",,,,"",3,8224,"",""
1596,"",,,,"",3,8259,"",""
1597,"",,,,"",49,8310,"",""
1598,"",,,,"",3,8327,"",""
1599,"",,,,"",3,8328,"",""
1600,"",,,,"",3,8330,"",""
1601,"",,,,"",3,8331,"",""
1602,"",,,,"",49,8361,"",""
1603,"",,,,"",49,8365,"",""
1604,"",,,,"",49,8366,"",""
1605,"",,,,"",49,8370,"",""
1606,"",,,,"",49,8373,"",""
1607,"",,,,"",49,8379,"",""
1608,"",,,,"",49,8381,"",""
1609,"",,,,"",49,8382,"",""
1610,"",,,,"",49,8383,"",""
1611,"",,,,"",49,8384,"",""
1612,"",,,,"",9,8385,"",""
1613,"",,,,"",49,8386,"",""
1614,"",,,,"",49,8388,"",""
1615,"",,,,"",49,8389,"",""
1616,"",,,,"",49,8390,"",""
1617,"",,,,"",49,8399,"",""
1618,"",,,,"",49,8400,"",""
1619,"",,,,"",49,8404,"",""
1620,"",,,,"",49,8405,"",""
1621,"",,,,"",49,8414,"",""
1622,"",,,,"",49,8419,"",""
1623,"",,,,"",49,8421,"",""
1624,"",,,,"",49,8429,"",""
1625,"",,,,"",49,8431,"",""
1626,"",,,,"",49,8433,"",""
1627,"",,,,"",49,8438,"",""
1628,"",,,,"",49,8439,"",""
1629,"",,,,"",49,8440,"",""
1630,"",,,,"",37,7506,"",""
1631,"",,,,"",3,7507,"",""
1632,"",,,,"",7,7599,"",""
1633,"",,,,"",49,7601,"",""
1634,"",,,,"",3,7650,"",""
1635,"",,,,"",40,7715,"",""
1636,"",,,,"",49,7731,"",""
1637,"",,,,"",49,7776,"",""
1638,"",,,,"",9,7792,"",""
1639,"",,,,"",49,7802,"",""
1640,"",,,,"",40,7836,"",""
1641,"",,,,"",3,7867,"",""
1642,"",,,,"",49,7918,"",""
1643,"",,,,"",49,7924,"",""
1644,"",,,,"",17,7945,"",""
1645,"",,,,"",3,7957,"",""
1646,"",,,,"",3,7959,"",""
1647,"",,,,"",35,7977,"",""
1648,"",,,,"",3,8059,"",""
1649,"",,,,"",3,8066,"",""
1650,"",,,,"",9,8076,"",""
1651,"",,,,"",32,8125,"",""
1652,"",,,,"",9,8129,"",""
1653,"",,,,"",3,8158,"",""
1654,"",,,,"",40,8184,"",""
1655,"",,,,"",49,8441,"",""
1656,"",,,,"",49,8443,"",""
1657,"",,,,"",49,8444,"",""
1658,"",,,,"",49,8446,"",""
1659,"",,,,"",49,8447,"",""
1660,"",,,,"",49,8448,"",""
1661,"",,,,"",49,8449,"",""
1662,"",,,,"",49,8450,"",""
1663,"",,,,"",49,8451,"",""
1664,"",,,,"",49,8452,"",""
1665,"",,,,"",49,8453,"",""
1666,"",,,,"",49,8463,"",""
1667,"",,,,"",49,8464,"",""
1668,"",,,,"",49,8466,"",""
1669,"",,,,"",49,8468,"",""
1670,"",,,,"",49,8469,"",""
1671,"",,,,"",49,8472,"",""
1672,"",,,,"",49,8473,"",""
1673,"",,,,"",49,8474,"",""
1674,"",,,,"",49,8476,"",""
1675,"",,,,"",49,8477,"",""
1676,"",,,,"",49,8478,"",""
1677,"",,,,"",49,8479,"",""
1678,"",,,,"",49,8480,"",""
1679,"",,,,"",49,8481,"",""
1680,"",,,,"",49,8482,"",""
1681,"",,,,"",49,8483,"",""
1682,"",,,,"",49,8488,"",""
1683,"",,,,"",49,8490,"",""
1684,"",,,,"",49,8492,"",""
1685,"",,,,"",49,8493,"",""
1686,"",,,,"",49,8494,"",""
1687,"",,,,"",49,8496,"",""
1688,"",,,,"",49,8497,"",""
1689,"",,,,"",49,8498,"",""
1690,"",,,,"",49,8499,"",""
1691,"",,,,"",49,8500,"",""
1692,"",,,,"",49,8501,"",""
1693,"",,,,"",49,8502,"",""
1694,"",,,,"",49,8503,"",""
1695,"",,,,"",49,8504,"",""
1696,"",,,,"",49,8505,"",""
1697,"",,,,"",49,8507,"",""
1698,"",,,,"",49,8508,"",""
1699,"",,,,"",49,8509,"",""
1700,"",,,,"",49,8511,"",""
1701,"",,,,"",49,8512,"",""
1702,"",,,,"",49,8513,"",""
1703,"",,,,"",49,8514,"",""
1704,"",,,,"",49,8515,"",""
1705,"",,,,"",49,8516,"",""
1706,"",,,,"",49,8517,"",""
1707,"",,,,"",49,8518,"",""
1708,"",,,,"",49,8562,"",""
1709,"",,,,"",49,8520,"",""
1710,"",,,,"",49,8522,"",""
1711,"",,,,"",49,8524,"",""
1712,"",,,,"",49,8525,"",""
1713,"",,,,"",49,8526,"",""
1714,"",,,,"",49,8527,"",""
1715,"",,,,"",49,8528,"",""
1716,"",,,,"",49,8529,"",""
1717,"",,,,"",49,8530,"",""
1718,"",,,,"",49,8531,"",""
1719,"",,,,"",49,8532,"",""
1720,"",,,,"",49,8533,"",""
1721,"",,,,"",49,8534,"",""
1722,"",,,,"",49,8535,"",""
1723,"",,,,"",49,8536,"",""
1724,"",,,,"",49,8537,"",""
1725,"",,,,"",49,8538,"",""
1726,"",,,,"",49,8539,"",""
1727,"",,,,"",49,8540,"",""
1728,"",,,,"",49,8541,"",""
1729,"",,,,"",49,8542,"",""
1730,"",,,,"",49,8543,"",""
1731,"",,,,"",49,8544,"",""
1732,"",,,,"",49,8545,"",""
1733,"",,,,"",49,8546,"",""
1734,"",,,,"",49,8547,"",""
1735,"",,,,"",49,8548,"",""
1736,"",,,,"",49,8549,"",""
1737,"",,,,"",49,8551,"",""
1738,"",,,,"",49,8552,"",""
1739,"",,,,"",49,8553,"",""
1740,"",,,,"",49,8554,"",""
1741,"",,,,"",49,8555,"",""
1742,"",,,,"",49,8556,"",""
1743,"",,,,"",49,8557,"",""
1744,"",,,,"",49,8558,"",""
1745,"",,,,"",49,8559,"",""
1746,"",,,,"",49,8560,"",""
1747,"",,,,"",49,8561,"",""
1748,"",,,,"",49,8563,"",""
1749,"",,,,"",49,8564,"",""
1750,"",,,,"",50,8565,"",""
1751,"",,,,"",49,8568,"",""
1752,"",,,,"",49,8569,"",""
1753,"",,,,"",49,8570,"",""
1754,"",,,,"",49,8571,"",""
1755,"",,,,"",49,8572,"",""
1756,"",,,,"",49,8573,"",""
1757,"",,,,"",49,8578,"",""
1758,"",,,,"",49,8580,"",""
1759,"",,,,"",49,8582,"",""
1760,"",,,,"",49,8583,"",""
1761,"",,,,"",49,8584,"",""
1762,"",,,,"",49,8586,"",""
1763,"",,,,"",29,8621,"",""
1764,"",,,,"",32,8632,"",""
1765,"",,,,"",3,8651,"",""
1766,"",,,,"",50,8724,"",""
1767,"",,,,"",9,8736,"",""
1768,"",,,,"",50,8778,"",""
1769,"",,,,"",9,8846,"",""
1770,"",,,,"",3,8893,"",""
1771,"",,,,"",9,8900,"",""
1772,"",,,,"",35,8932,"",""
1773,"",,,,"",50,8941,"",""
1774,"",,,,"",50,8942,"",""
1775,"",,,,"",50,8943,"",""
1776,"",,,,"",50,8944,"",""
1777,"",,,,"",50,8946,"",""
1778,"",,,,"",50,8948,"",""
1779,"",,,,"",50,8952,"",""
1780,"",,,,"",50,8953,"",""
1781,"",,,,"",29,8956,"",""
1782,"",,,,"",14,8964,"",""
1783,"",,,,"",28,8968,"",""
1784,"",,,,"",24,9002,"",""
1785,"",,,,"",3,9003,"",""
1786,"",,,,"",3,9004,"",""
1787,"",,,,"",3,9006,"",""
1788,"",,,,"",54,9007,"",""
1789,"",,,,"",50,9015,"",""
1790,"",,,,"",42,9030,"",""
1791,"",,,,"",9,9036,"",""
1792,"",,,,"",3,9074,"",""
1793,"",,,,"",3,9075,"",""
1794,"",,,,"",3,9138,"",""
1795,"",,,,"",9,9149,"",""
1796,"",,,,"",9,9153,"",""
1797,"",,,,"",9,9156,"",""
1798,"",,,,"",9,9159,"",""
1799,"",,,,"",40,9168,"",""
1800,"",,,,"",9,9170,"",""
1801,"",,,,"",28,9184,"",""
1802,"",,,,"",50,9238,"",""
1803,"",,,,"",28,9291,"",""
1804,"",,,,"",9,9339,"",""
1805,"",,,,"",35,9425,"",""
1806,"",,,,"",25,9433,"",""
1807,"",,,,"",9,9442,"",""
1808,"",,,,"",9,9447,"",""
1809,"",,,,"",9,9460,"",""
1810,"",,,,"",29,9478,"",""
1811,"",,,,"",9,9493,"",""
1812,"",,,,"",17,9520,"",""
1813,"",,,,"",49,9567,"",""
1814,"",,,,"",50,9567,"",""
1815,"",,,,"",9,9679,"",""
1816,"",,,,"",9,9706,"",""
1817,"",,,,"",9,9744,"",""
1818,"",,,,"",9,9786,"",""
1819,"",,,,"",9,9805,"",""
1820,"",,,,"",28,9831,"",""
1821,"",,,,"",9,9954,"",""
1822,"",,,,"",34,9955,"",""
1823,"",,,,"",9,9985,"",""
1824,"",,,,"",3,10159,"",""
1825,"",,,,"",9,10206,"",""
1826,"",,,,"",3,10321,"",""
1827,"",,,,"",29,5083,"",""
1828,"",,,,"",29,550,"",""
1829,"",,,,"",7,293,"",""
1830,"",,,,"",3,8332,"",""
1831,"",,,,"",49,4268,"",""
1832,"",,,,"",11,355,"",""
1833,"",,,,"",9,787,"",""
1834,"",,,,"",11,2343,"",""
1835,"",,,,"",9,122,"",""
1836,"",,,,"",29,122,"",""
1837,"",,,,"",49,10582,"",""
1838,"",,,,"",3,10872,"",""
1839,"",,,,"",9,10691,"",""
1840,"",,,,"",9,10692,"",""
1841,"",,,,"",49,11158,"",""
